[{
  "name": "Item title 1",
  "icon_url": "www.google.com/image.png",
  "item": [{
    "name": "item 1",
    "currency": "IDR",
    "price": "100000",
    "other_currency": [{
      "currency": "AUD",
      "price": "10"
    },
      {
        "currency": "USD",
        "price": "9"
      }
    ],
    "help": true,
    "icon_url": "www.google.com/image.png",
    "help_info": {
      "name": "Item 1",
      "description": "Description  Description  Description  Description  Description  Description  Description  Description  Description  Description  Description",
      "sub_item": [{
        "name": "Subtitle 1",
        "description ": "Description  Description  Description  Description  Description  Description  Description  Description  Description  Description  Description"
      }]
    }
  },
    {
      "name": "item 2",
      "currency": "IDR",
      "price": "100000",
      "other_currency": [{
        "currency": "AUD",
        "price": "10"
      },
        {
          "currency": "USD",
          "price": "9"
        }
      ],
      "help": false,
      "icon_url": "www.google.com/image.png",
      "help_info": {}
    },
    {
      "name": "item 3",
      "currency": "IDR",
      "price": "100000",
      "other_currency": [{
        "currency": "AUD",
        "price": "10"
      },
        {
          "currency": "USD",
          "price": "9"
        }
      ],
      "help": false,
      "icon_url": "www.google.com/image.png",
      "help_info": {}
    }
  ]
}

]