{
  "data": [{
      "name": "Item title 1",
      "icon_url": "https://upload.wikimedia.org/wikipedia/commons/thumb/5/53/Google_%22G%22_Logo.svg/2048px-Google_%22G%22_Logo.svg.png",
      "item": [{
        "name": "item 1",
        "currency": "IDR",
        "price": "100000",
        "help": true,
        "icon_url": "https://upload.wikimedia.org/wikipedia/commons/thumb/5/53/Google_%22G%22_Logo.svg/2048px-Google_%22G%22_Logo.svg.png"
      },{
        "name": "item 2",
        "currency": "IDR",
        "price": "200000"
      }]
    },
    {
      "name": "Item title 2",
      "icon_url": "https://upload.wikimedia.org/wikipedia/commons/thumb/5/53/Google_%22G%22_Logo.svg/2048px-Google_%22G%22_Logo.svg.png"
    }]
}